result_type,keyword,domain,page,rank_group,rank_absolute,position,url,title,description,extended_snippet,breadcrumb,website_name,references_source,references_url,references_text,references_markdown
ai_overview,things to do in perth australia,westernaustraliantravel.com,,,,,,,,,,,westernaustraliantravel.com,https://westernaustraliantravel.com/things-to-do-in-perth-in-winter/,Contents Show * Listen to Live Music at Fremantle Markets. * Explore the Art Gallery of Western Australia. * Visit Museum Boola Ba...,"In Perth, you can `explore natural wonders like Kings Park, Rottnest Island, and Cottesloe Beach, or discover the city's cultural side through attractions like the Museum Boola Bardip, Fremantle Prison, and the Art Gallery of Western Australia` . Other popular activities include visiting the Swan Valley wine region , seeing the unique quokkas on Rottnest Island, and heading to Elizabeth Quay for waterfront dining and activities.

Outdoor and nature

- **Kings Park and Botanic Garden:** Have a picnic or explore one of the world's largest city parks.
- **Rottnest Island:** Take a ferry to meet the famous quokkas, go snorkeling, or cycle around the island.
- **Cottesloe Beach:** Enjoy swimming, surfing, or relaxing at this iconic city beach.
- **Swan Valley:** Visit wineries, breweries, and restaurants in this close-to-city wine region.
- **The Pinnacles:** Drive to Nambung National Park to see the unique limestone formations.
- **Whale watching:** Go on a tour between September and November to see humpback whales.
- **Penguin Island:** Take a trip to see little blue penguins.

Culture and history

- **Fremantle:** Explore the historic streets, visit Fremantle Prison, and browse the Fremantle Markets.
- **Museum Boola Bardip:** Discover Western Australia's history and culture at this modern museum.
- **Art Gallery of Western Australia:** See a diverse collection of art.
- **Perth Mint:** View the world's largest gold coin and learn about the gold trade.
- **Elizabeth Quay:** Walk around the waterfront precinct, see the Bell Tower , and enjoy the public art.

Family-friendly

- **Perth Zoo:** Spend a day learning about animals, including local marsupials.
- **Caversham Wildlife Park:** Get up close with kangaroos, koalas, and other native wildlife.
- **Sci-Tech:** Explore interactive exhibits and the planetarium.
- **Optus Stadium:** Take a behind-the-scenes tour or try the stadium's rooftop walk.

Other

- **Lancelin:** Go sandboarding or dune bashing on the large sand dunes.
- **Swan River:** Take a cruise, hire a kayak, or walk along the river foreshore.
- **Rockingham:** Go on a day trip to swim with dolphins in the wild."
ai_overview,things to do in perth australia,www.thetimes.com,,,,,,,,,,,The Times,https://www.thetimes.com/travel/destinations/australasia-travel/australia/perth/best-things-to-do-perth-93j0fq8hr,18 of the best things to do in Perth * Picnic in Kings Park and Botanic Garden. Kings Park. ... * Ascend the Swan Bell Tower. Suns...,"In Perth, you can `explore natural wonders like Kings Park, Rottnest Island, and Cottesloe Beach, or discover the city's cultural side through attractions like the Museum Boola Bardip, Fremantle Prison, and the Art Gallery of Western Australia` . Other popular activities include visiting the Swan Valley wine region , seeing the unique quokkas on Rottnest Island, and heading to Elizabeth Quay for waterfront dining and activities.

Outdoor and nature

- **Kings Park and Botanic Garden:** Have a picnic or explore one of the world's largest city parks.
- **Rottnest Island:** Take a ferry to meet the famous quokkas, go snorkeling, or cycle around the island.
- **Cottesloe Beach:** Enjoy swimming, surfing, or relaxing at this iconic city beach.
- **Swan Valley:** Visit wineries, breweries, and restaurants in this close-to-city wine region.
- **The Pinnacles:** Drive to Nambung National Park to see the unique limestone formations.
- **Whale watching:** Go on a tour between September and November to see humpback whales.
- **Penguin Island:** Take a trip to see little blue penguins.

Culture and history

- **Fremantle:** Explore the historic streets, visit Fremantle Prison, and browse the Fremantle Markets.
- **Museum Boola Bardip:** Discover Western Australia's history and culture at this modern museum.
- **Art Gallery of Western Australia:** See a diverse collection of art.
- **Perth Mint:** View the world's largest gold coin and learn about the gold trade.
- **Elizabeth Quay:** Walk around the waterfront precinct, see the Bell Tower , and enjoy the public art.

Family-friendly

- **Perth Zoo:** Spend a day learning about animals, including local marsupials.
- **Caversham Wildlife Park:** Get up close with kangaroos, koalas, and other native wildlife.
- **Sci-Tech:** Explore interactive exhibits and the planetarium.
- **Optus Stadium:** Take a behind-the-scenes tour or try the stadium's rooftop walk.

Other

- **Lancelin:** Go sandboarding or dune bashing on the large sand dunes.
- **Swan River:** Take a cruise, hire a kayak, or walk along the river foreshore.
- **Rockingham:** Go on a day trip to swim with dolphins in the wild."
ai_overview,things to do in perth australia,www.tripadvisor.com,,,,,,,,,,,Tripadvisor,https://www.tripadvisor.com/Attractions-g255103-Activities-Perth_Greater_Perth_Western_Australia.html,"Other Top Attractions around Perth * Fremantle Prison. 4.6. (4,382) 9.3 mi away. Fremantle. Historic Sites. * SeaLink Rottnest Isl...","In Perth, you can `explore natural wonders like Kings Park, Rottnest Island, and Cottesloe Beach, or discover the city's cultural side through attractions like the Museum Boola Bardip, Fremantle Prison, and the Art Gallery of Western Australia` . Other popular activities include visiting the Swan Valley wine region , seeing the unique quokkas on Rottnest Island, and heading to Elizabeth Quay for waterfront dining and activities.

Outdoor and nature

- **Kings Park and Botanic Garden:** Have a picnic or explore one of the world's largest city parks.
- **Rottnest Island:** Take a ferry to meet the famous quokkas, go snorkeling, or cycle around the island.
- **Cottesloe Beach:** Enjoy swimming, surfing, or relaxing at this iconic city beach.
- **Swan Valley:** Visit wineries, breweries, and restaurants in this close-to-city wine region.
- **The Pinnacles:** Drive to Nambung National Park to see the unique limestone formations.
- **Whale watching:** Go on a tour between September and November to see humpback whales.
- **Penguin Island:** Take a trip to see little blue penguins.

Culture and history

- **Fremantle:** Explore the historic streets, visit Fremantle Prison, and browse the Fremantle Markets.
- **Museum Boola Bardip:** Discover Western Australia's history and culture at this modern museum.
- **Art Gallery of Western Australia:** See a diverse collection of art.
- **Perth Mint:** View the world's largest gold coin and learn about the gold trade.
- **Elizabeth Quay:** Walk around the waterfront precinct, see the Bell Tower , and enjoy the public art.

Family-friendly

- **Perth Zoo:** Spend a day learning about animals, including local marsupials.
- **Caversham Wildlife Park:** Get up close with kangaroos, koalas, and other native wildlife.
- **Sci-Tech:** Explore interactive exhibits and the planetarium.
- **Optus Stadium:** Take a behind-the-scenes tour or try the stadium's rooftop walk.

Other

- **Lancelin:** Go sandboarding or dune bashing on the large sand dunes.
- **Swan River:** Take a cruise, hire a kayak, or walk along the river foreshore.
- **Rockingham:** Go on a day trip to swim with dolphins in the wild."
ai_overview,things to do in perth australia,www.lonelyplanet.com,,,,,,,,,,,Lonely Planet,https://www.lonelyplanet.com/articles/things-to-do-in-perth,The 19 best things to do in and around Perth * See quokkas on Rottnest Island. The cute and furry cherub-faced marsupial quokka at...,"In Perth, you can `explore natural wonders like Kings Park, Rottnest Island, and Cottesloe Beach, or discover the city's cultural side through attractions like the Museum Boola Bardip, Fremantle Prison, and the Art Gallery of Western Australia` . Other popular activities include visiting the Swan Valley wine region , seeing the unique quokkas on Rottnest Island, and heading to Elizabeth Quay for waterfront dining and activities.

Outdoor and nature

- **Kings Park and Botanic Garden:** Have a picnic or explore one of the world's largest city parks.
- **Rottnest Island:** Take a ferry to meet the famous quokkas, go snorkeling, or cycle around the island.
- **Cottesloe Beach:** Enjoy swimming, surfing, or relaxing at this iconic city beach.
- **Swan Valley:** Visit wineries, breweries, and restaurants in this close-to-city wine region.
- **The Pinnacles:** Drive to Nambung National Park to see the unique limestone formations.
- **Whale watching:** Go on a tour between September and November to see humpback whales.
- **Penguin Island:** Take a trip to see little blue penguins.

Culture and history

- **Fremantle:** Explore the historic streets, visit Fremantle Prison, and browse the Fremantle Markets.
- **Museum Boola Bardip:** Discover Western Australia's history and culture at this modern museum.
- **Art Gallery of Western Australia:** See a diverse collection of art.
- **Perth Mint:** View the world's largest gold coin and learn about the gold trade.
- **Elizabeth Quay:** Walk around the waterfront precinct, see the Bell Tower , and enjoy the public art.

Family-friendly

- **Perth Zoo:** Spend a day learning about animals, including local marsupials.
- **Caversham Wildlife Park:** Get up close with kangaroos, koalas, and other native wildlife.
- **Sci-Tech:** Explore interactive exhibits and the planetarium.
- **Optus Stadium:** Take a behind-the-scenes tour or try the stadium's rooftop walk.

Other

- **Lancelin:** Go sandboarding or dune bashing on the large sand dunes.
- **Swan River:** Take a cruise, hire a kayak, or walk along the river foreshore.
- **Rockingham:** Go on a day trip to swim with dolphins in the wild."
ai_overview,things to do in perth australia,www.australia.com,,,,,,,,,,,australia.com,https://www.australia.com/en-gb/places/perth-and-surrounds/guide-to-perth.html,"Top things to do in Perth * Swim at Perth's beaches. This stretch of coastline offers white sand beaches, calm waters, snorkelling...","In Perth, you can `explore natural wonders like Kings Park, Rottnest Island, and Cottesloe Beach, or discover the city's cultural side through attractions like the Museum Boola Bardip, Fremantle Prison, and the Art Gallery of Western Australia` . Other popular activities include visiting the Swan Valley wine region , seeing the unique quokkas on Rottnest Island, and heading to Elizabeth Quay for waterfront dining and activities.

Outdoor and nature

- **Kings Park and Botanic Garden:** Have a picnic or explore one of the world's largest city parks.
- **Rottnest Island:** Take a ferry to meet the famous quokkas, go snorkeling, or cycle around the island.
- **Cottesloe Beach:** Enjoy swimming, surfing, or relaxing at this iconic city beach.
- **Swan Valley:** Visit wineries, breweries, and restaurants in this close-to-city wine region.
- **The Pinnacles:** Drive to Nambung National Park to see the unique limestone formations.
- **Whale watching:** Go on a tour between September and November to see humpback whales.
- **Penguin Island:** Take a trip to see little blue penguins.

Culture and history

- **Fremantle:** Explore the historic streets, visit Fremantle Prison, and browse the Fremantle Markets.
- **Museum Boola Bardip:** Discover Western Australia's history and culture at this modern museum.
- **Art Gallery of Western Australia:** See a diverse collection of art.
- **Perth Mint:** View the world's largest gold coin and learn about the gold trade.
- **Elizabeth Quay:** Walk around the waterfront precinct, see the Bell Tower , and enjoy the public art.

Family-friendly

- **Perth Zoo:** Spend a day learning about animals, including local marsupials.
- **Caversham Wildlife Park:** Get up close with kangaroos, koalas, and other native wildlife.
- **Sci-Tech:** Explore interactive exhibits and the planetarium.
- **Optus Stadium:** Take a behind-the-scenes tour or try the stadium's rooftop walk.

Other

- **Lancelin:** Go sandboarding or dune bashing on the large sand dunes.
- **Swan River:** Take a cruise, hire a kayak, or walk along the river foreshore.
- **Rockingham:** Go on a day trip to swim with dolphins in the wild."
ai_overview,things to do in perth australia,aidenandmaddy.com,,,,,,,,,,,aidenandmaddy.com,https://aidenandmaddy.com/perth-itinerary/,"Overview of the Ultimate 5 day Perth Itinerary * Day 1 – Explore the city, Kings Park and Botanic Gardens. * Day 2 – Discover Frem...","In Perth, you can `explore natural wonders like Kings Park, Rottnest Island, and Cottesloe Beach, or discover the city's cultural side through attractions like the Museum Boola Bardip, Fremantle Prison, and the Art Gallery of Western Australia` . Other popular activities include visiting the Swan Valley wine region , seeing the unique quokkas on Rottnest Island, and heading to Elizabeth Quay for waterfront dining and activities.

Outdoor and nature

- **Kings Park and Botanic Garden:** Have a picnic or explore one of the world's largest city parks.
- **Rottnest Island:** Take a ferry to meet the famous quokkas, go snorkeling, or cycle around the island.
- **Cottesloe Beach:** Enjoy swimming, surfing, or relaxing at this iconic city beach.
- **Swan Valley:** Visit wineries, breweries, and restaurants in this close-to-city wine region.
- **The Pinnacles:** Drive to Nambung National Park to see the unique limestone formations.
- **Whale watching:** Go on a tour between September and November to see humpback whales.
- **Penguin Island:** Take a trip to see little blue penguins.

Culture and history

- **Fremantle:** Explore the historic streets, visit Fremantle Prison, and browse the Fremantle Markets.
- **Museum Boola Bardip:** Discover Western Australia's history and culture at this modern museum.
- **Art Gallery of Western Australia:** See a diverse collection of art.
- **Perth Mint:** View the world's largest gold coin and learn about the gold trade.
- **Elizabeth Quay:** Walk around the waterfront precinct, see the Bell Tower , and enjoy the public art.

Family-friendly

- **Perth Zoo:** Spend a day learning about animals, including local marsupials.
- **Caversham Wildlife Park:** Get up close with kangaroos, koalas, and other native wildlife.
- **Sci-Tech:** Explore interactive exhibits and the planetarium.
- **Optus Stadium:** Take a behind-the-scenes tour or try the stadium's rooftop walk.

Other

- **Lancelin:** Go sandboarding or dune bashing on the large sand dunes.
- **Swan River:** Take a cruise, hire a kayak, or walk along the river foreshore.
- **Rockingham:** Go on a day trip to swim with dolphins in the wild."
ai_overview,things to do in perth australia,westernaustraliantravel.com,,,,,,,,,,,westernaustraliantravel.com,https://westernaustraliantravel.com/things-to-do-in-perth-with-kids/,>>> Get your tickets here. Optus Stadium. Optus Stadium Behind the scenes' guided tour is something for all those sports fans youn...,"In Perth, you can `explore natural wonders like Kings Park, Rottnest Island, and Cottesloe Beach, or discover the city's cultural side through attractions like the Museum Boola Bardip, Fremantle Prison, and the Art Gallery of Western Australia` . Other popular activities include visiting the Swan Valley wine region , seeing the unique quokkas on Rottnest Island, and heading to Elizabeth Quay for waterfront dining and activities.

Outdoor and nature

- **Kings Park and Botanic Garden:** Have a picnic or explore one of the world's largest city parks.
- **Rottnest Island:** Take a ferry to meet the famous quokkas, go snorkeling, or cycle around the island.
- **Cottesloe Beach:** Enjoy swimming, surfing, or relaxing at this iconic city beach.
- **Swan Valley:** Visit wineries, breweries, and restaurants in this close-to-city wine region.
- **The Pinnacles:** Drive to Nambung National Park to see the unique limestone formations.
- **Whale watching:** Go on a tour between September and November to see humpback whales.
- **Penguin Island:** Take a trip to see little blue penguins.

Culture and history

- **Fremantle:** Explore the historic streets, visit Fremantle Prison, and browse the Fremantle Markets.
- **Museum Boola Bardip:** Discover Western Australia's history and culture at this modern museum.
- **Art Gallery of Western Australia:** See a diverse collection of art.
- **Perth Mint:** View the world's largest gold coin and learn about the gold trade.
- **Elizabeth Quay:** Walk around the waterfront precinct, see the Bell Tower , and enjoy the public art.

Family-friendly

- **Perth Zoo:** Spend a day learning about animals, including local marsupials.
- **Caversham Wildlife Park:** Get up close with kangaroos, koalas, and other native wildlife.
- **Sci-Tech:** Explore interactive exhibits and the planetarium.
- **Optus Stadium:** Take a behind-the-scenes tour or try the stadium's rooftop walk.

Other

- **Lancelin:** Go sandboarding or dune bashing on the large sand dunes.
- **Swan River:** Take a cruise, hire a kayak, or walk along the river foreshore.
- **Rockingham:** Go on a day trip to swim with dolphins in the wild."
ai_overview,things to do in perth australia,www.australia.com,,,,,,,,,,,australia.com,https://www.australia.com/en/places/perth-and-surrounds/best-day-trips.html,"* PUBLIC Silo Trail, Merredin, Western Australia © Bewley Shaylor. * Little Creatures Brewery, Fremantle, Western Australia © Tour...","In Perth, you can `explore natural wonders like Kings Park, Rottnest Island, and Cottesloe Beach, or discover the city's cultural side through attractions like the Museum Boola Bardip, Fremantle Prison, and the Art Gallery of Western Australia` . Other popular activities include visiting the Swan Valley wine region , seeing the unique quokkas on Rottnest Island, and heading to Elizabeth Quay for waterfront dining and activities.

Outdoor and nature

- **Kings Park and Botanic Garden:** Have a picnic or explore one of the world's largest city parks.
- **Rottnest Island:** Take a ferry to meet the famous quokkas, go snorkeling, or cycle around the island.
- **Cottesloe Beach:** Enjoy swimming, surfing, or relaxing at this iconic city beach.
- **Swan Valley:** Visit wineries, breweries, and restaurants in this close-to-city wine region.
- **The Pinnacles:** Drive to Nambung National Park to see the unique limestone formations.
- **Whale watching:** Go on a tour between September and November to see humpback whales.
- **Penguin Island:** Take a trip to see little blue penguins.

Culture and history

- **Fremantle:** Explore the historic streets, visit Fremantle Prison, and browse the Fremantle Markets.
- **Museum Boola Bardip:** Discover Western Australia's history and culture at this modern museum.
- **Art Gallery of Western Australia:** See a diverse collection of art.
- **Perth Mint:** View the world's largest gold coin and learn about the gold trade.
- **Elizabeth Quay:** Walk around the waterfront precinct, see the Bell Tower , and enjoy the public art.

Family-friendly

- **Perth Zoo:** Spend a day learning about animals, including local marsupials.
- **Caversham Wildlife Park:** Get up close with kangaroos, koalas, and other native wildlife.
- **Sci-Tech:** Explore interactive exhibits and the planetarium.
- **Optus Stadium:** Take a behind-the-scenes tour or try the stadium's rooftop walk.

Other

- **Lancelin:** Go sandboarding or dune bashing on the large sand dunes.
- **Swan River:** Take a cruise, hire a kayak, or walk along the river foreshore.
- **Rockingham:** Go on a day trip to swim with dolphins in the wild."
organic,things to do in perth australia,www.australia.com,1,1,4,left,https://www.australia.com/en/places/perth-and-surrounds/guide-to-perth.html,"Travel Guide to Perth, Australia","Find our guide to Perth, Western Australia's capital city, where soft-sand beaches and scenic parks meet street art, small bars, and creative restaurants.",,https://www.australia.com › ... › Perth and surrounds,australia.com,,,,
organic,things to do in perth australia,www.tripadvisor.com.au,1,2,5,left,https://www.tripadvisor.com.au/Attractions-g255103-Activities-Perth_Greater_Perth_Western_Australia.html,THE 15 BEST Things to Do in Perth (2025),"Check out must-see sights and activities: Kings Park and Botanic Garden, The Perth Mint, Nature and Wildlife Tours, Scenic Walking Areas.",,https://www.tripadvisor.com.au › ... › Perth,Tripadvisor,,,,
organic,things to do in perth australia,westernaustraliantravel.com,1,3,7,left,https://westernaustraliantravel.com/things-to-do-in-perth-with-kids/,101 Awesome Things to do in Perth with Kids,"Family activities in Perth are wide-ranging, from the beautiful outdoors, beaches, indoor play centres, groovy cafes and incredible parks and playgrounds",,https://westernaustraliantravel.com › Blog,westernaustraliantravel.com,,,,
organic,things to do in perth australia,www.westernaustralia.com,1,4,8,left,https://www.westernaustralia.com/au/places-to-visit/perth-and-surrounds,Perth and Surrounds,Perth Waterfall Day Trip · A Day in Perth · Perth Wildflower Trail · Rottnest by Ferry and Bicycle · A Day in Fremantle · Swim With Dolphins Day Trip · The Avon ...,,https://www.westernaustralia.com › places-to-visit › pert...,Tourism Western Australia,,,,
organic,things to do in perth australia,discover.silversea.com,1,5,9,left,https://discover.silversea.com/destinations/australia-new-zealand/perth-west-australia/,"One Port at a Time: What to Do in Perth, Australia","25 May 2025 — Kings Park, one of the world's largest inner-city parks, has breathtaking views of Swan River, the city skyline and the Darling Ranges. Two- ...",,https://discover.silversea.com › australia-new-zealand,Discover by Silversea,,,,
organic,things to do in perth australia,josiewanders.com,1,6,11,left,https://josiewanders.com/things-to-do-in-perth/,8 Essential Things to do in Perth on Your First Visit,18 Nov 2025 — Start with a Walking Tour · Get your Quokka Selfie on Rottnest Island · Spend a Day in Fremantle · Learn More at the WA Museum Boola Bardip · Join ...,,https://josiewanders.com › Western Australia,Josie Wanders,,,,
organic,things to do in perth australia,destinationlesstravel.com,1,7,13,left,https://destinationlesstravel.com/things-to-do-in-perth-wa/,"35 FUN Things to do in Perth, WA - A Local's Travel Guide",10 Nov 2025 — The BEST Things to do in Perth · 1. Explore Kings Park · 2. Take the ferry to Rottnest Island · 3. Wander around Fremantle · 4. Penguin Island.,,https://destinationlesstravel.com › ... › Australia › Perth,Destinationless Travel,,,,
organic,things to do in perth australia,www.destinationperth.com.au,1,8,14,left,https://www.destinationperth.com.au/whats-on/,What's on in Perth Today/This Weekend: Events & Activities,"Perth hosts a collection of festivals all year round from music and film to food, wine and beer. Check out upcoming events below.",,https://www.destinationperth.com.au › whats-on,Destination Perth,,,,
organic,things to do in perth australia,www.redballoon.com.au,2,9,20,left,https://www.redballoon.com.au/wa/things-to-do-in-perth/?srsltid=AfmBOordF-5bCBP2gR7ccQDOnn2VPabxmrPqxIPueqa6gxqk4Q2XUeF7,Fun Things To Do in Perth & Activities,"There's plenty of things to do In Perth when you shop with RedBalloon. Discover our range of experiences, including snorkelling, skydiving & dining ...",,https://www.redballoon.com.au › things-to-do-in-perth,RedBalloon,,,,
organic,things to do in perth australia,perthisok.com,2,10,21,left,https://perthisok.com/whats-on/,What's On Around Perth,What's on around Perth this week · Endless Tacos at Caballitos! · Long Chim – Happy Hour · Taco & Tequila Wednesday's · Writers. With Wine · Jazz Wednesdays at The ...,,https://perthisok.com › whats-on,Perth is OK!,,,,
organic,things to do in perth australia,www.reddit.com,2,11,22,left,https://www.reddit.com/r/perth/comments/1dkwvfh/what_are_the_less_well_known_but_great_things_to/,What are the less well known but great things to do when ...,"Guildford strip is quaint for a quick side trip. There's the Dutch shop, a wild antique shop, the wacky little museum full of taxidermy.",,100+ comments  ·  1 year ago,Reddit · r/perth,,,,
organic,things to do in perth australia,www.youtube.com,2,12,23,left,https://www.youtube.com/watch?v=q_PzMW4JvSo&pp=ygUII2RvcGVydGg%3D,Fun Family Things To Do In Perth Western Australia,,,165.8K+ views  ·  4 years ago,YouTube · ADVENTURE CAMPitelli,,,,
organic,things to do in perth australia,www.klook.com,2,13,24,left,https://www.klook.com/en-AU/destination/c88-perth/,What to Do in Perth : Top Places & Activities,Best Places to Visit in Perth · Rottnest Island · Fremantle · Swan Valley · Swan River · Hillarys Boat Harbour · Caversham Wildlife Park · Perth Mint.,,https://www.klook.com › ... › Western Australia,Klook Travel,,,,
organic,things to do in perth australia,holidayswithkids.com.au,2,14,25,left,https://holidayswithkids.com.au/perth-things-to-do/,40 things to do in Perth with kids,"From island adventures and national parks to cuddly animals and honey bees in Australia's sunniest city, here are the top things to do in Perth with kids.",,https://holidayswithkids.com.au › perth-things-to-do,Holidays with Kids,,,,
organic,things to do in perth australia,www.lonelyplanet.com,2,15,26,left,https://www.lonelyplanet.com/articles/things-to-do-in-perth,The 19 best things to do in and around Perth,21 Jan 2025 — 1. See quokkas on Rottnest Island · 2. Take a Kings Park walking tour · 3. Wander the Western Australian Botanic Garden · 4. Scope out Cottesloe ...,,https://www.lonelyplanet.com › articles › things-to-do-i...,Lonely Planet,,,,
organic,things to do in perth australia,visitperth.com,2,16,27,left,https://visitperth.com/see-and-do,Perth Tourist Attractions | See & Do,Visitor Attractions · Museums & Galleries · Two people walking to the WA Museum Boola Bardip · Public Spaces · Parks Gardens & Reserves · Harold Boas Gardens.,,https://visitperth.com › see-and-do,Visit Perth,,,,
organic,things to do in perth australia,www.youtube.com,2,17,28,left,https://www.youtube.com/watch?v=JnTUBaHWdV4&vl=en,10 MUST KNOW Perth Attractions Places to Visit (2026),,,2.5K+ views  ·  5 months ago,YouTube · Virtual Journeys NZ & Australia,,,,
organic,things to do in perth australia,differentville.com,2,18,29,left,https://differentville.com/fun-things-to-do-perth-australia/,26 Fun and Unusual Things To Do In Perth,1. Head to Kangaroo Island 2. Climb The Optus Stadium 3. Join the Queue at the Blue Boatshed. 4. Check What Eliza is Wearing 5. Book the Oh Hey WA Perth Art ...,,https://differentville.com › fun-things-to-do-perth-austr...,Differentville,,,,
organic,dampier things to do,www.australiasnorthwest.com,1,1,2,left,https://www.australiasnorthwest.com/explore/pilbara/dampier/,Dampier: Your Travel Guide,"19 May 2025 — Things to See & Do in Dampier · Dampier Foreshore · Montebello Islands Marine Park · Entry Fees, Passes & Camping - Kimberley and Pilbara National ...",,https://www.australiasnorthwest.com › explore › pilbara,Australia's North West,,,,
organic,dampier things to do,www.karrathaiscalling.com.au,1,2,3,left,https://www.karrathaiscalling.com.au/explore/dampier/,Explore > Dampier,"This outback coastal town is a mecca for outdoor water activities. Swimming, sailing, boating, fishing, diving, snorkeling and windsurfing can be enjoyed here ...",,https://www.karrathaiscalling.com.au › explore › dampier,Karratha is Calling,,,,
organic,dampier things to do,www.tripadvisor.com.au,1,3,4,left,https://www.tripadvisor.com.au/Attractions-g495053-Activities-Dampier_The_Pilbara_Western_Australia.html,THE 10 BEST Things to Do in Dampier (2025),Things to Do in Dampier · 1. Murujuga National Park · 2. Dampier Port · 3. North West Shelf Visitor Centre · 4. Deep Gorge · 5. Sam's Island · 6. Aremvee Beach.,,https://www.tripadvisor.com.au › ... › Dampier,Tripadvisor,,,,
organic,dampier things to do,www.westernaustralia.com,1,4,6,left,https://www.westernaustralia.com/au/places/dampier/56b266c22880253d74c4ee8c,Dampier - Destination - Tourism Western ...,"Just off the coast, the Dampier Archipelago and Mackerel Islands offer world-class boating, fishing, diving and snorkelling and the seasonal natural phenomenon, ...",,https://www.westernaustralia.com › places › dampier,Tourism Western Australia,,,,
organic,dampier things to do,www.waholidayguide.com.au,1,5,8,left,https://www.waholidayguide.com.au/western-australia-tours-things-to-do/western-australia-locations-to-see/north-west-tours-things-to-do/dampier-peninsula-tours-things-to-do,Dampier Peninsula Tours & Things To Do Western Australia,Dampier Peninsula Tours & Things To Do Western Australia · Cygnet Bay Pearl Farm Tours · Pelican Charters · Air Kimberley · Broome Time Tours · Kimberley Wild ...,,https://www.waholidayguide.com.au › dampier-peninsul...,WA Holiday Guide,,,,
organic,dampier things to do,www.viator.com,1,6,9,left,https://www.viator.com/en-AU/Dampier-Peninsula/d50985,THE TOP 15 Things To Do in Dampier Peninsula,"Visit to see the area's brick-red cliffs, pearl-white sand, and clear blue water, explore the remote landscape, and learn about the local Aboriginal ...",,https://www.viator.com › en-AU › Dampier-Peninsula,Viator,,,,
organic,dampier things to do,www.visitbroome.com.au,1,7,10,left,https://www.visitbroome.com.au/see-and-do/dampier-peninsula,Discover the amazing Dampier Peninsula in Australia's ...,"Activities include swimming, snorkelling, bird watching, land based whale watching between July and September, bush walking and fishing. Located approx. 180 ...",,https://www.visitbroome.com.au › See & Do,Broome Visitor Centre,,,,
organic,dampier things to do,www.australiasnorthwest.com,1,8,11,left,https://www.australiasnorthwest.com/blog/post/five-unique-experiences-on-the-dampier-peninsula/,Five unique experiences on the Dampier Peninsula,"25 July 2022 — 1. Stay at Pender Bay · 2. Waterfall Reef Tour at Cygnet Bay Pearl Farm · 3. Sunset in Style at Cygnet Bay Pearl Farm · 4. Feel, Listen and See ...",,https://www.australiasnorthwest.com › blog › post › fiv...,Australia's North West,,,,
organic,dampier things to do,www.expedia.com.au,1,9,12,left,https://www.expedia.com.au/Things-To-Do-In-Dampier-Peninsula.d6144863.Travel-Guide-Activities,10 TOP Things to Do in Dampier Peninsula November 2025,"Learn about the local history of Dampier Peninsula when you spend time at Cape Leveque. While you're in the area, wander around the natural setting.",,https://www.expedia.com.au › ... › Western Australia,Expedia,,,,
organic,dampier things to do,www.facebook.com,2,10,15,left,https://www.facebook.com/groups/637556563102391/posts/2843594339165258/,With only two half days to explore Karratha and Dampier ...,"Sculptures on roundabouts, red dog memorial, lookouts, loading boats and mini sculptures on the salt lakes on the way over to Dampier.",,10+ comments  ·  5 months ago,Facebook · Not Grey Nomads - The Group!,,,,
organic,dampier things to do,www.reddit.com,2,11,16,left,https://www.reddit.com/r/WesternAustralia/comments/1c2bzum/work_in_dampier_possible_to_make_something_of_the/,"Work in Dampier, possible to make something of the trip ...","While you're in Dampier, have a look at the rock art on the Burrup theirs a tourist area so you can get up close to view some of it, you might ...",,6 comments  ·  1 year ago,Reddit · r/WesternAustralia,,,,
organic,dampier things to do,www.karrathacentralapartments.com.au,2,12,17,left,https://www.karrathacentralapartments.com.au/things-to-see-and-do,Things To See And Do,1. Staircase to the Moon Staircase to the Moon · 2. Burrup Peninsula · 3. Millstream-Chichester National Park · 4. Dampier Archipelago · 5. Yaburara Heritage Trail.,,https://www.karrathacentralapartments.com.au › things-t...,Karratha Central Apartments,,,,
organic,dampier things to do,www.getyourguide.com,2,13,18,left,https://www.getyourguide.com/dampier-peninsula-l157940/,The BEST Dampier Peninsula Tours and Things to Do ...,"Enjoy a 4km cultural walk travelling past majestic waterfalls, spell-binding gorges, Aboriginal rock art and sites of cultural significance.",,https://www.getyourguide.com › ... › Western Australia,GetYourGuide,,,,
organic,dampier things to do,karratha.wa.gov.au,2,14,19,left,https://karratha.wa.gov.au/recreation-and-sports/dampier-archipelago,Dampier Archipelago,"These islands offer excellent opportunities for boating, fishing, snorkelling, camping and other recreational activities. The Yaburara Aboriginal language group ...",,https://karratha.wa.gov.au › recreation-and-sports › da...,City of Karratha,,,,
organic,dampier things to do,www.bigworldsmallpockets.com,2,15,20,left,https://www.bigworldsmallpockets.com/free-things-to-do-in-karratha/,"Top 10 Free Things to Do in Karratha, Western Australia",27 Oct 2021 — ... Dampier and exploring the islands in the Dampier Archipelago. It's the best fishing and snorkeling. And with so many islands to choose from ...,,https://www.bigworldsmallpockets.com › free-things-to...,Big World Small Pockets,,,,
organic,dampier things to do,www.karrathaiscalling.com.au,2,16,21,left,https://www.karrathaiscalling.com.au/explore/dampier-archipelago/,Explore > Dampier Archipelago,Things to do ; Fishing Fishing ; Boat Charters Boat Charters ; Diving Diving ; Snorkeling Snorkeling ; Camping Camping.,,https://www.karrathaiscalling.com.au › explore › dampi...,Karratha is Calling,,,,
organic,dampier things to do,au.trip.com,2,17,22,left,https://au.trip.com/travel-guide/destination/dampier-peninsula-1463507/,Things to do in Dampier Peninsula (2025),"Top things to do in Dampier Peninsula 2025.11. Trip.com features the best things to do in Dampier Peninsula Derby, including travel-guide, attractions, ...",,https://au.trip.com › ... › Derby › Dampier Peninsula,"Trip.com Australia - Cheap Flights, Hotels, Train Tickets",,,,
organic,dampier things to do,www.escape.com.au,2,18,23,left,https://www.escape.com.au/destinations/australia/western-australia/dampier-wa-6-things-to-know-about-australias-bestkept-secret/news-story/e48dd6990b50df8371ca9bdeb02ffb4e,"Dampier, WA guide: 6 things to know before you visit",11 Mar 2020 — The 42 islands of the marine-life rich Dampier Archipelago. Join a guided snorkelling tour and you'll discover incredible biodiversity ...,,https://www.escape.com.au › ... › Western-australia,escape.com.au,,,,
organic,dampier things to do,www.westernaustralia.com,2,19,24,left,https://www.westernaustralia.com/au/tour/dampier-port-tour/65e932e20ab87c3832af8033,Dampier Port Tour,Join the Dampier Seafarers tour and learn about the Dampier Seafarers Centre and the Rio Tinto mining operations. Jump on the bus for a behind-the-scenes look.,,https://www.westernaustralia.com › tour › dampier-port...,Tourism Western Australia,,,,
